index,tx_item1,tx_price1,tx_item2,tx_price2,expected_action1,expected_action2,rx_index,rx_item1,rx_action1,rx_item2,rx_action2,rx_reserved,action1_correct,action2_correct,packet_correct,status,latency_us
0,0x11,59,0x22,27,IGNORED,IGNORED,0,0x11,NONE,0x22,NONE,0x0000,,,,IGNORED_WARMUP,2677.88
1,0x11,21,0x22,56,IGNORED,IGNORED,1,0x11,NONE,0x22,NONE,0x0000,,,,IGNORED_WARMUP,5815.29
2,0x11,39,0x22,83,IGNORED,IGNORED,2,0x11,NONE,0x22,NONE,0x0000,,,,IGNORED_WARMUP,5930.21
3,0x11,16,0x22,8,IGNORED,IGNORED,3,0x11,NONE,0x22,NONE,0x0000,,,,IGNORED_WARMUP,5916.04
4,0x11,66,0x22,67,IGNORED,IGNORED,4,0x11,NONE,0x22,NONE,0x0000,,,,IGNORED_WARMUP,5949.92
5,0x11,24,0x22,85,IGNORED,IGNORED,5,0x11,NONE,0x22,NONE,0x0000,,,,IGNORED_WARMUP,5948.42
6,0x11,44,0x22,1,IGNORED,IGNORED,6,0x11,NONE,0x22,NONE,0x0000,,,,IGNORED_WARMUP,5940.67
7,0x11,36,0x22,49,IGNORED,IGNORED,7,0x11,NONE,0x22,NONE,0x0000,,,,IGNORED_WARMUP,6025.17
8,0x11,35,0x22,67,IGNORED,IGNORED,8,0x11,NONE,0x22,NONE,0x0000,,,,IGNORED_WARMUP,6038.17
9,0x11,83,0x22,59,IGNORED,IGNORED,9,0x11,NONE,0x22,NONE,0x0000,,,,IGNORED_WARMUP,5725.00
10,0x11,11,0x22,6,IGNORED,IGNORED,10,0x11,NONE,0x22,NONE,0x0000,,,,IGNORED_WARMUP,5940.67
11,0x11,73,0x22,36,IGNORED,IGNORED,11,0x11,NONE,0x22,NONE,0x0000,,,,IGNORED_WARMUP,5956.83
12,0x11,94,0x22,33,IGNORED,IGNORED,12,0x11,NONE,0x22,NONE,0x0000,,,,IGNORED_WARMUP,5951.50
13,0x11,83,0x22,24,IGNORED,IGNORED,13,0x11,NONE,0x22,NONE,0x0000,,,,IGNORED_WARMUP,5993.50
14,0x11,68,0x22,65,IGNORED,IGNORED,14,0x11,NONE,0x22,NONE,0x0000,,,,IGNORED_WARMUP,5906.25
15,0x11,3,0x22,13,IGNORED,IGNORED,15,0x11,NONE,0x22,NONE,0x0000,,,,IGNORED_WARMUP,5969.04
16,0x22,69,0x11,32,BUY,NONE,16,0x22,BUY,0x11,NONE,0x0000,YES,YES,YES,CORRECT,5789.17
17,0x11,70,0x22,78,BUY,BUY,17,0x11,BUY,0x22,BUY,0x0000,YES,YES,YES,CORRECT,5941.62
18,0x11,61,0x22,21,BUY,SELL,18,0x11,BUY,0x22,SELL,0x0000,YES,YES,YES,CORRECT,5914.71
19,0x11,55,0x22,91,BUY,BUY,19,0x11,BUY,0x22,BUY,0x0000,YES,YES,YES,CORRECT,5983.42
20,0x22,47,0x11,73,BUY,BUY,20,0x22,BUY,0x11,BUY,0x0000,YES,YES,YES,CORRECT,5918.38
21,0x22,28,0x11,20,SELL,SELL,21,0x22,SELL,0x11,SELL,0x0000,YES,YES,YES,CORRECT,5961.12
22,0x11,19,0x22,34,SELL,SELL,22,0x11,SELL,0x22,SELL,0x0000,YES,YES,YES,CORRECT,5913.50
23,0x22,49,0x11,75,BUY,BUY,23,0x22,BUY,0x11,BUY,0x0000,YES,YES,YES,CORRECT,5851.46
24,0x22,62,0x11,16,BUY,SELL,24,0x22,BUY,0x11,SELL,0x0000,YES,YES,YES,CORRECT,6037.42
25,0x22,82,0x11,97,BUY,BUY,25,0x22,BUY,0x11,BUY,0x0000,YES,YES,YES,CORRECT,5941.67
26,0x11,11,0x22,78,SELL,BUY,26,0x11,SELL,0x22,BUY,0x0000,YES,YES,YES,CORRECT,5985.88
27,0x11,22,0x22,64,SELL,BUY,27,0x11,SELL,0x22,BUY,0x0000,YES,YES,YES,CORRECT,6179.38
28,0x22,44,0x11,67,SELL,BUY,28,0x22,SELL,0x11,BUY,0x0000,YES,YES,YES,CORRECT,5716.62
29,0x11,87,0x22,81,BUY,BUY,29,0x11,BUY,0x22,BUY,0x0000,YES,YES,YES,CORRECT,5859.46
30,0x11,48,0x22,90,BUY,BUY,30,0x11,BUY,0x22,BUY,0x0000,YES,YES,YES,CORRECT,5817.54
31,0x22,90,0x11,93,BUY,BUY,31,0x22,BUY,0x11,BUY,0x0000,YES,YES,YES,CORRECT,5969.79
32,0x11,52,0x22,20,SELL,SELL,32,0x11,SELL,0x22,SELL,0x0000,YES,YES,YES,CORRECT,5997.46
33,0x22,84,0x11,89,BUY,BUY,33,0x22,BUY,0x11,BUY,0x0000,YES,YES,YES,CORRECT,6071.50
34,0x22,68,0x11,95,BUY,BUY,34,0x22,BUY,0x11,BUY,0x0000,YES,YES,YES,CORRECT,5822.25
35,0x11,82,0x22,99,BUY,BUY,35,0x11,BUY,0x22,BUY,0x0000,YES,YES,YES,CORRECT,5991.50
36,0x11,21,0x22,48,SELL,SELL,36,0x11,SELL,0x22,SELL,0x0000,YES,YES,YES,CORRECT,5927.67
37,0x22,80,0x11,87,BUY,BUY,37,0x22,BUY,0x11,BUY,0x0000,YES,YES,YES,CORRECT,5930.92
38,0x22,28,0x11,22,SELL,SELL,38,0x22,SELL,0x11,SELL,0x0000,YES,YES,YES,CORRECT,5967.42
39,0x22,65,0x11,4,SELL,SELL,39,0x22,SELL,0x11,SELL,0x0000,YES,YES,YES,CORRECT,5900.00
40,0x11,56,0x22,61,SELL,SELL,40,0x11,SELL,0x22,SELL,0x0000,YES,YES,YES,CORRECT,5989.50
41,0x11,47,0x22,66,SELL,SELL,41,0x11,SELL,0x22,SELL,0x0000,YES,YES,YES,CORRECT,5909.75
42,0x22,74,0x11,46,BUY,SELL,42,0x22,BUY,0x11,SELL,0x0000,YES,YES,YES,CORRECT,5961.00
43,0x22,34,0x11,15,SELL,SELL,43,0x22,SELL,0x11,SELL,0x0000,YES,YES,YES,CORRECT,5945.29
44,0x11,87,0x22,3,BUY,SELL,44,0x11,BUY,0x22,SELL,0x0000,YES,YES,YES,CORRECT,5954.42
45,0x11,63,0x22,48,BUY,SELL,45,0x11,BUY,0x22,SELL,0x0000,YES,YES,YES,CORRECT,5935.54
46,0x11,59,0x22,35,BUY,SELL,46,0x11,BUY,0x22,SELL,0x0000,YES,YES,YES,CORRECT,5920.29
47,0x22,65,0x11,40,BUY,SELL,47,0x22,BUY,0x11,SELL,0x0000,YES,YES,YES,CORRECT,5967.25
48,0x22,45,0x11,13,SELL,SELL,48,0x22,SELL,0x11,SELL,0x0000,YES,YES,YES,CORRECT,5901.00
49,0x11,69,0x22,71,BUY,BUY,49,0x11,BUY,0x22,BUY,0x0000,YES,YES,YES,CORRECT,6046.75
50,0x22,38,0x11,74,SELL,BUY,50,0x22,SELL,0x11,BUY,0x0000,YES,YES,YES,CORRECT,5909.83
51,0x22,51,0x11,27,BUY,SELL,51,0x22,BUY,0x11,SELL,0x0000,YES,YES,YES,CORRECT,5910.67
52,0x11,70,0x22,23,BUY,SELL,52,0x11,BUY,0x22,SELL,0x0000,YES,YES,YES,CORRECT,6049.42
53,0x22,98,0x11,57,BUY,BUY,53,0x22,BUY,0x11,BUY,0x0000,YES,YES,YES,CORRECT,5867.42
54,0x22,9,0x11,75,SELL,BUY,54,0x22,SELL,0x11,BUY,0x0000,YES,YES,YES,CORRECT,5945.50
55,0x11,24,0x22,26,SELL,SELL,55,0x11,SELL,0x22,SELL,0x0000,YES,YES,YES,CORRECT,5866.08
56,0x11,20,0x22,8,SELL,SELL,56,0x11,SELL,0x22,SELL,0x0000,YES,YES,YES,CORRECT,5966.62
57,0x22,99,0x11,64,BUY,BUY,57,0x22,BUY,0x11,BUY,0x0000,YES,YES,YES,CORRECT,6008.92
58,0x22,57,0x11,59,BUY,BUY,58,0x22,BUY,0x11,BUY,0x0000,YES,YES,YES,CORRECT,6040.67
59,0x22,30,0x11,32,SELL,SELL,59,0x22,SELL,0x11,SELL,0x0000,YES,YES,YES,CORRECT,5855.12
60,0x11,62,0x22,14,BUY,SELL,60,0x11,BUY,0x22,SELL,0x0000,YES,YES,YES,CORRECT,5935.71
61,0x22,88,0x11,51,BUY,BUY,61,0x22,BUY,0x11,BUY,0x0000,YES,YES,YES,CORRECT,5951.17
62,0x22,4,0x11,56,SELL,BUY,62,0x22,SELL,0x11,BUY,0x0000,YES,YES,YES,CORRECT,5886.92
63,0x11,26,0x22,22,SELL,SELL,63,0x11,SELL,0x22,SELL,0x0000,YES,YES,YES,CORRECT,6358.00
64,0x22,88,0x11,89,BUY,BUY,64,0x22,BUY,0x11,BUY,0x0000,YES,YES,YES,CORRECT,5516.71
65,0x22,99,0x11,95,BUY,BUY,65,0x22,BUY,0x11,BUY,0x0000,YES,YES,YES,CORRECT,5986.38
66,0x22,38,0x11,79,SELL,BUY,66,0x22,SELL,0x11,BUY,0x0000,YES,YES,YES,CORRECT,5932.75
67,0x11,92,0x22,36,BUY,SELL,67,0x11,BUY,0x22,SELL,0x0000,YES,YES,YES,CORRECT,5941.00
68,0x22,50,0x11,16,BUY,SELL,68,0x22,BUY,0x11,SELL,0x0000,YES,YES,YES,CORRECT,5963.29
69,0x11,51,0x22,89,SELL,BUY,69,0x11,SELL,0x22,BUY,0x0000,YES,YES,YES,CORRECT,5968.00
70,0x22,28,0x11,78,SELL,BUY,70,0x22,SELL,0x11,BUY,0x0000,YES,YES,YES,CORRECT,5900.88
71,0x11,81,0x22,77,BUY,BUY,71,0x11,BUY,0x22,BUY,0x0000,YES,YES,YES,CORRECT,5922.79
72,0x22,93,0x11,57,BUY,SELL,72,0x22,BUY,0x11,SELL,0x0000,YES,YES,YES,CORRECT,6030.33
73,0x11,62,0x22,72,BUY,BUY,73,0x11,BUY,0x22,BUY,0x0000,YES,YES,YES,CORRECT,5890.25
74,0x22,30,0x11,63,SELL,BUY,74,0x22,SELL,0x11,BUY,0x0000,YES,YES,YES,CORRECT,5989.25
75,0x22,82,0x11,18,BUY,SELL,75,0x22,BUY,0x11,SELL,0x0000,YES,YES,YES,CORRECT,5913.21
76,0x11,2,0x22,59,SELL,BUY,76,0x11,SELL,0x22,BUY,0x0000,YES,YES,YES,CORRECT,6000.46
77,0x22,31,0x11,77,SELL,BUY,77,0x22,SELL,0x11,BUY,0x0000,YES,YES,YES,CORRECT,5881.42
78,0x11,10,0x22,68,SELL,BUY,78,0x11,SELL,0x22,BUY,0x0000,YES,YES,YES,CORRECT,5961.29
79,0x22,49,0x11,69,SELL,BUY,79,0x22,SELL,0x11,BUY,0x0000,YES,YES,YES,CORRECT,5917.25
80,0x11,82,0x22,52,BUY,SELL,80,0x11,BUY,0x22,SELL,0x0000,YES,YES,YES,CORRECT,5923.46
81,0x11,64,0x22,18,BUY,SELL,81,0x11,BUY,0x22,SELL,0x0000,YES,YES,YES,CORRECT,5982.67
82,0x22,77,0x11,1,BUY,SELL,82,0x22,BUY,0x11,SELL,0x0000,YES,YES,YES,CORRECT,5949.29
83,0x11,83,0x22,0,BUY,SELL,83,0x11,BUY,0x22,SELL,0x0000,YES,YES,YES,CORRECT,6052.46
84,0x22,76,0x11,77,BUY,BUY,84,0x22,BUY,0x11,BUY,0x0000,YES,YES,YES,CORRECT,5832.50
85,0x11,82,0x22,82,BUY,BUY,85,0x11,BUY,0x22,BUY,0x0000,YES,YES,YES,CORRECT,5952.21
86,0x22,22,0x11,13,SELL,SELL,86,0x22,SELL,0x11,SELL,0x0000,YES,YES,YES,CORRECT,5935.38
87,0x11,81,0x22,72,BUY,BUY,87,0x11,BUY,0x22,BUY,0x0000,YES,YES,YES,CORRECT,5912.38
88,0x22,86,0x11,85,BUY,BUY,88,0x22,BUY,0x11,BUY,0x0000,YES,YES,YES,CORRECT,6006.88
89,0x22,24,0x11,17,SELL,SELL,89,0x22,SELL,0x11,SELL,0x0000,YES,YES,YES,CORRECT,5921.21
90,0x11,16,0x22,9,SELL,SELL,90,0x11,SELL,0x22,SELL,0x0000,YES,YES,YES,CORRECT,5948.96
91,0x22,13,0x11,69,SELL,BUY,91,0x22,SELL,0x11,BUY,0x0000,YES,YES,YES,CORRECT,5941.88
92,0x11,73,0x22,87,BUY,BUY,92,0x11,BUY,0x22,BUY,0x0000,YES,YES,YES,CORRECT,5953.62
93,0x11,72,0x22,81,BUY,BUY,93,0x11,BUY,0x22,BUY,0x0000,YES,YES,YES,CORRECT,5931.54
94,0x22,58,0x11,32,BUY,SELL,94,0x22,BUY,0x11,SELL,0x0000,YES,YES,YES,CORRECT,5935.29
95,0x22,32,0x11,32,SELL,SELL,95,0x22,SELL,0x11,SELL,0x0000,YES,YES,YES,CORRECT,5954.54
96,0x11,58,0x22,86,BUY,BUY,96,0x11,BUY,0x22,BUY,0x0000,YES,YES,YES,CORRECT,5982.42
97,0x22,83,0x11,47,BUY,SELL,97,0x22,BUY,0x11,SELL,0x0000,YES,YES,YES,CORRECT,5935.71
98,0x22,26,0x11,7,SELL,SELL,98,0x22,SELL,0x11,SELL,0x0000,YES,YES,YES,CORRECT,5901.29
99,0x22,87,0x11,38,BUY,SELL,99,0x22,BUY,0x11,SELL,0x0000,YES,YES,YES,CORRECT,5969.50
